input,output
How do I reset my password?,"Open Settings, choose Security and click Reset password. A link is sent to your email."
How do I reset my password?,"Open Settings, choose Security and click Reset password. A link is sent to your email."
Can I change the email on my account?,"Yes. Go to Settings, then Profile, and edit the email field. You will need to confirm the new address."
Where can I download my invoices?,Invoices are under Billing > History. Each one can be downloaded as a PDF.
Hi,Hello!
What payment methods do you accept?,
How do I cancel my subscription?,"Go to Billing, click Cancel subscription and confirm. Access continues until the end of the period."
Is there a mobile app?,Yesssssssssssssssss there is an app for iOS and Android.
How do I contact support?,Use the chat button in the bottom right corner or write to the support address on the Help page.
